{
  "systems": [
    {
      "system": "distilbert-base-uncased",
      "slug": "distilbert",
      "level": "verifier",
      "arch": "encoder",
      "f1": 0.9236947791164659,
      "precision": 0.9643605870020965,
      "recall": 0.8863198458574181,
      "throughput_examples_per_sec": 838.4305188310465,
      "f1_by_complexity_tier": {
        "nested": {
          "precision": 0.9819819819819819,
          "recall": 1.0,
          "f1": 0.9909090909090909,
          "n": 387
        },
        "explicit": {
          "precision": 1.0,
          "recall": 1.0,
          "f1": 1.0,
          "n": 430
        },
        "implicit": {
          "precision": 0.851063829787234,
          "recall": 0.5755395683453237,
          "f1": 0.6866952789699571,
          "n": 428
        },
        "long_distance": {
          "precision": 0.9936305732484076,
          "recall": 1.0,
          "f1": 0.9968051118210862,
          "n": 466
        }
      },
      "note": "leggero/veloce"
    },
    {
      "system": "bert-base-uncased",
      "slug": "bert",
      "level": "verifier",
      "arch": "encoder",
      "f1": 0.931237721021611,
      "precision": 0.9498997995991983,
      "recall": 0.9132947976878613,
      "throughput_examples_per_sec": 421.84143574517367,
      "f1_by_complexity_tier": {
        "nested": {
          "precision": 1.0,
          "recall": 1.0,
          "f1": 1.0,
          "n": 387
        },
        "explicit": {
          "precision": 1.0,
          "recall": 1.0,
          "f1": 1.0,
          "n": 430
        },
        "implicit": {
          "precision": 0.7899159663865546,
          "recall": 0.6762589928057554,
          "f1": 0.7286821705426356,
          "n": 428
        },
        "long_distance": {
          "precision": 1.0,
          "recall": 1.0,
          "f1": 1.0,
          "n": 466
        }
      },
      "note": "BERT 'ontology-compiled model' (generatore/baseline encoder)"
    },
    {
      "system": "roberta-base",
      "slug": "roberta",
      "level": "verifier",
      "arch": "encoder",
      "f1": 0.90234375,
      "precision": 0.9148514851485149,
      "recall": 0.8901734104046243,
      "throughput_examples_per_sec": 419.7020248064544,
      "f1_by_complexity_tier": {
        "nested": {
          "precision": 1.0,
          "recall": 1.0,
          "f1": 1.0,
          "n": 387
        },
        "explicit": {
          "precision": 0.9583333333333334,
          "recall": 1.0,
          "f1": 0.9787234042553191,
          "n": 430
        },
        "implicit": {
          "precision": 0.6949152542372882,
          "recall": 0.5899280575539568,
          "f1": 0.6381322957198443,
          "n": 428
        },
        "long_distance": {
          "precision": 0.9873417721518988,
          "recall": 1.0,
          "f1": 0.9936305732484078,
          "n": 466
        }
      },
      "note": "Supervised RoBERTa (validatore binario VALID/INVALID)"
    },
    {
      "system": "t5-base",
      "slug": "t5",
      "level": "verifier",
      "arch": "seq2seq",
      "f1": 0.8718466195761857,
      "precision": 0.9152542372881356,
      "recall": 0.8323699421965318,
      "throughput_examples_per_sec": 55.36870406747734,
      "f1_by_complexity_tier": {
        "nested": {
          "precision": 1.0,
          "recall": 1.0,
          "f1": 1.0,
          "n": 387
        },
        "explicit": {
          "precision": 0.9913793103448276,
          "recall": 1.0,
          "f1": 0.9956709956709957,
          "n": 430
        },
        "implicit": {
          "precision": 0.5777777777777777,
          "recall": 0.37410071942446044,
          "f1": 0.45414847161572053,
          "n": 428
        },
        "long_distance": {
          "precision": 0.9936305732484076,
          "recall": 1.0,
          "f1": 0.9968051118210862,
          "n": 466
        }
      },
      "note": "encoder-decoder (text-to-text)"
    },
    {
      "system": "rule (domain/range)",
      "slug": "rule",
      "level": "verifier",
      "arch": "symbolic",
      "f1": 0.8103044496487118,
      "precision": 0.6811023622047244,
      "recall": 1.0,
      "throughput_examples_per_sec": 262314.68499603687,
      "f1_by_complexity_tier": {
        "nested": {
          "precision": 0.6449704142011834,
          "recall": 1.0,
          "f1": 0.7841726618705036,
          "n": 387
        },
        "explicit": {
          "precision": 0.6318681318681318,
          "recall": 1.0,
          "f1": 0.7744107744107744,
          "n": 430
        },
        "implicit": {
          "precision": 0.6984924623115578,
          "recall": 1.0,
          "f1": 0.8224852071005917,
          "n": 428
        },
        "long_distance": {
          "precision": 0.7358490566037735,
          "recall": 1.0,
          "f1": 0.8478260869565216,
          "n": 466
        }
      },
      "reject_accuracy_by_neg_type": {
        "type_incompatible": {
          "reject_accuracy": 0.9719438877755511,
          "n": 499
        },
        "partial_overlap": {
          "reject_accuracy": 0.9317269076305221,
          "n": 498
        },
        "type_identical": {
          "reject_accuracy": 0.0,
          "n": 195
        }
      },
      "per_split": {
        "train": {
          "accuracy": 0.8523815151873301,
          "precision": 0.6750780437044746,
          "recall": 1.0,
          "f1": 0.8060257804006834,
          "confusion_matrix": [
            [
              4617,
              1249
            ],
            [
              0,
              2595
            ]
          ],
          "f1_by_complexity_tier": {
            "implicit": {
              "precision": 0.6656151419558359,
              "recall": 1.0,
              "f1": 0.7992424242424243,
              "n": 2135
            },
            "nested": {
              "precision": 0.6916076845298281,
              "recall": 1.0,
              "f1": 0.8176927674835625,
              "n": 2160
            },
            "explicit": {
              "precision": 0.6690796277145812,
              "recall": 1.0,
              "f1": 0.8017348203221809,
              "n": 2100
            },
            "long_distance": {
              "precision": 0.6734258271077909,
              "recall": 1.0,
              "f1": 0.8048469387755103,
              "n": 2066
            }
          },
          "reject_accuracy_by_neg_type": {
            "type_identical": {
              "reject_accuracy": 0.0,
              "n": 973
            },
            "partial_overlap": {
              "reject_accuracy": 0.9095541401273886,
              "n": 2355
            },
            "type_incompatible": {
              "reject_accuracy": 0.975177304964539,
              "n": 2538
            }
          }
        },
        "val": {
          "accuracy": 0.8602409638554217,
          "precision": 0.6713881019830028,
          "recall": 1.0,
          "f1": 0.8033898305084746,
          "confusion_matrix": [
            [
              954,
              232
            ],
            [
              0,
              474
            ]
          ],
          "f1_by_complexity_tier": {
            "explicit": {
              "precision": 0.7541899441340782,
              "recall": 1.0,
              "f1": 0.8598726114649682,
              "n": 428
            },
            "nested": {
              "precision": 0.611764705882353,
              "recall": 1.0,
              "f1": 0.759124087591241,
              "n": 411
            },
            "implicit": {
              "precision": 0.702247191011236,
              "recall": 1.0,
              "f1": 0.8250825082508251,
              "n": 395
            },
            "long_distance": {
              "precision": 0.6145251396648045,
              "recall": 1.0,
              "f1": 0.7612456747404844,
              "n": 426
            }
          },