{
  "systems": [
    {
      "system": "distilbert-base-uncased",
      "slug": "distilbert",
      "level": "verifier",
      "arch": "encoder",
      "f1": 0.8303094983991463,
      "precision": 0.9823232323232324,
      "recall": 0.7190388170055453,
      "throughput_examples_per_sec": 671.1728991653854,
      "f1_by_complexity_tier": {
        "long_distance": {
          "precision": 1.0,
          "recall": 1.0,
          "f1": 1.0,
          "n": 474
        },
        "nested": {
          "precision": 0.9916666666666667,
          "recall": 0.8947368421052632,
          "f1": 0.9407114624505929,
          "n": 442
        },
        "explicit": {
          "precision": 0.9696969696969697,
          "recall": 1.0,
          "f1": 0.9846153846153847,
          "n": 403
        },
        "implicit": {
          "precision": 0.0,
          "recall": 0.0,
          "f1": 0.0,
          "n": 323
        }
      },
      "note": "leggero/veloce"
    },
    {
      "system": "bert-base-uncased",
      "slug": "bert",
      "level": "verifier",
      "arch": "encoder",
      "f1": 0.8311965811965812,
      "precision": 0.9848101265822785,
      "recall": 0.7190388170055453,
      "throughput_examples_per_sec": 341.24419253659283,
      "f1_by_complexity_tier": {
        "long_distance": {
          "precision": 0.9942857142857143,
          "recall": 1.0,
          "f1": 0.9971346704871061,
          "n": 474
        },
        "nested": {
          "precision": 1.0,
          "recall": 0.8947368421052632,
          "f1": 0.9444444444444444,
          "n": 442
        },
        "explicit": {
          "precision": 0.9795918367346939,
          "recall": 1.0,
          "f1": 0.9896907216494846,
          "n": 403
        },
        "implicit": {
          "precision": 0.0,
          "recall": 0.0,
          "f1": 0.0,
          "n": 323
        }
      },
      "note": "BERT 'ontology-compiled model' (generatore/baseline encoder)"
    },
    {
      "system": "roberta-base",
      "slug": "roberta",
      "level": "verifier",
      "arch": "encoder",
      "f1": 0.8775510204081632,
      "precision": 0.979498861047836,
      "recall": 0.7948243992606284,
      "throughput_examples_per_sec": 344.1661119212409,
      "f1_by_complexity_tier": {
        "long_distance": {
          "precision": 1.0,
          "recall": 1.0,
          "f1": 1.0,
          "n": 474
        },
        "nested": {
          "precision": 1.0,
          "recall": 1.0,
          "f1": 1.0,
          "n": 442
        },
        "explicit": {
          "precision": 1.0,
          "recall": 1.0,
          "f1": 1.0,
          "n": 403
        },
        "implicit": {
          "precision": 0.75,
          "recall": 0.1956521739130435,
          "f1": 0.3103448275862069,
          "n": 323
        }
      },
      "note": "Supervised RoBERTa (validatore binario VALID/INVALID)"
    },
    {
      "system": "t5-base",
      "slug": "t5",
      "level": "verifier",
      "arch": "seq2seq",
      "f1": 0.8694835680751174,
      "precision": 0.8835877862595419,
      "recall": 0.8558225508317929,
      "throughput_examples_per_sec": 131.45270149681272,
      "f1_by_complexity_tier": {
        "long_distance": {
          "precision": 0.9157894736842105,
          "recall": 1.0,
          "f1": 0.956043956043956,
          "n": 474
        },
        "nested": {
          "precision": 0.9851851851851852,
          "recall": 1.0,
          "f1": 0.9925373134328358,
          "n": 442
        },
        "explicit": {
          "precision": 0.8807339449541285,
          "recall": 1.0,
          "f1": 0.9365853658536586,
          "n": 403
        },
        "implicit": {
          "precision": 0.6666666666666666,
          "recall": 0.43478260869565216,
          "f1": 0.5263157894736841,
          "n": 323
        }
      },
      "note": "encoder-decoder (text-to-text)"
    },
    {
      "system": "rule (domain/range)",
      "slug": "rule",
      "level": "verifier",
      "arch": "symbolic",
      "f1": 0.891566265060241,
      "precision": 0.8043478260869565,
      "recall": 1.0,
      "throughput_examples_per_sec": 299060.6423265151,
      "f1_by_complexity_tier": {
        "long_distance": {
          "precision": 0.7639751552795031,
          "recall": 1.0,
          "f1": 0.8661971830985915,
          "n": 387
        },
        "nested": {
          "precision": 0.6507936507936508,
          "recall": 1.0,
          "f1": 0.7884615384615385,
          "n": 354
        },
        "explicit": {
          "precision": 0.9142857142857143,
          "recall": 1.0,
          "f1": 0.955223880597015,
          "n": 340
        },
        "implicit": {
          "precision": 0.9261744966442953,
          "recall": 1.0,
          "f1": 0.9616724738675958,
          "n": 323
        }
      },
      "reject_accuracy_by_neg_type": {
        "type_incompatible": {
          "reject_accuracy": 0.960167714884696,
          "n": 477
        },
        "partial_overlap": {
          "reject_accuracy": 1.0,
          "n": 440
        },
        "type_identical": {
          "reject_accuracy": 0.0,
          "n": 80
        }
      },
      "per_split": {
        "train": {
          "accuracy": 0.90990580370708,
          "precision": 0.7400263042525208,
          "recall": 1.0,
          "f1": 0.8505920886873267,
          "confusion_matrix": [
            [
              4301,
              593
            ],
            [
              0,
              1688
            ]
          ],
          "f1_by_complexity_tier": {
            "implicit": {
              "precision": 0.7263374485596708,
              "recall": 1.0,
              "f1": 0.8414779499404053,
              "n": 1671
            },
            "long_distance": {
              "precision": 0.7456556082148499,
              "recall": 1.0,
              "f1": 0.8542986425339367,
              "n": 1712
            },
            "explicit": {
              "precision": 0.7565217391304347,
              "recall": 1.0,
              "f1": 0.8613861386138613,
              "n": 1555
            },
            "nested": {
              "precision": 0.7291311754684838,
              "recall": 1.0,
              "f1": 0.8433497536945812,
              "n": 1644
            }
          },
          "reject_accuracy_by_neg_type": {
            "type_incompatible": {
              "reject_accuracy": 0.9680560966108298,
              "n": 2567
            },
            "partial_overlap": {
              "reject_accuracy": 0.959830866807611,
              "n": 1892
            },
            "type_identical": {
              "reject_accuracy": 0.0,
              "n": 435
            }
          }
        },
        "val": {
          "accuracy": 0.8830146231721034,
          "precision": 0.7628278221208666,
          "recall": 1.0,
          "f1": 0.8654592496765847,
          "confusion_matrix": [
            [
              901,
              208
            ],
            [
              0,
              669
            ]
          ],
          "f1_by_complexity_tier": {
            "nested": {
              "precision": 0.8916256157635468,
              "recall": 1.0,
              "f1": 0.9427083333333334,
              "n": 443
            },
            "implicit": {
              "precision": 0.7117437722419929,
              "recall": 1.0,
              "f1": 0.8316008316008316,
              "n": 447
            },
            "long_distance": {
              "precision": 0.7868852459016393,
              "recall": 1.0,
              "f1": 0.8807339449541284,
              "n": 342
            },
            "explicit": {
              "precision": 0.7084870848708487,
              "recall": 1.0,
              "f1": 0.8293736501079914,
              "n": 546
            }
          },
          "reject_accuracy_by_neg_type": {
            "partial_overlap": {
              "reject_accuracy": 0.9074074074074074,